<?xml version="1.0" encoding="us-ascii"?>
<disclaimer>
	<document><!-- HUMAN -->
		<code code="34390-5"/>
		<code code="34391-3"/>
		<code code="45129-4"/>
		<disclaimer>
			<code code="C73603"/>
			<code code="C73604"/>
			<code code="C95601"/>
			<text>Most OTC drugs are not reviewed and approved by FDA, however they may be marketed if they comply with applicable regulations and policies. FDA has not evaluated whether this product complies.</text>
		</disclaimer>
		<disclaimer>
			<code code="C73614"/>
			<text>This homeopathic product has not been evaluated by the Food and Drug Administration for safety or efficacy. FDA is not aware of scientific evidence to support homeopathy as effective.</text>
		</disclaimer>
		<disclaimer>
			<code code="C73613"/>
			<code code="C73627"/>
			<code code="C95602"/>
			<code code="C101533"/>
			<text>This drug has not been found by FDA to be safe and effective, and this labeling has not been approved by FDA. <a href="http://www.fda.gov/Drugs/GuidanceComplianceRegulatoryInformation/EnforcementActivitiesbyFDA/SelectedEnforcementActionsonUnapprovedDrugs/default.htm">For further information about unapproved drugs, click here.</a></text>
		</disclaimer>
	</document>
	<document><!-- ANIMAL -->
		<code code="50577-6"/>
		<code code="50576-8"/>
		<code code="50574-3"/>
		<code code="50573-5"/>
		<code code="50578-4"/>
		<code code="50575-0"/>
		<code code="50572-7"/>
		<code code="50571-9"/>
		<disclaimer>
			<code code="C73603"/>
			<code code="C73604"/>
			<text>Most OTC drugs are not reviewed and approved by FDA, however they may be marketed if they comply with applicable regulations and policies. FDA has not evaluated whether this product complies.</text>
		</disclaimer>
		<disclaimer>
			<code code="C73613"/>
			<code code="C73614"/>
			<code code="C73627"/>
			<code code="C92556"/>
			<code code="C95602"/>
			<code code="C101533"/>
			<text>This drug has not been found by FDA to be safe and effective, and this labeling has not been approved by FDA. <a href="http://www.fda.gov/AnimalVeterinary/GuidanceComplianceEnforcement/ComplianceEnforcement/UnapprovedAnimalDrugs/default.htm">For further information about unapproved drugs, click here.</a></text>
		</disclaimer>
	</document>
</disclaimer>
