<root xmlns="urn:hl7-org:v3">
   <document code="53409-9">
      <title>BULK INGREDIENT</title>
   </document>
   <document code="60684-8">
      <title>CELLULAR THERAPY</title>
   </document>
   <document code="58474-8">
      <title>COSMETIC</title>
   </document>
   <document code="58476-3">
      <title>DIETARY SUPPLEMENT</title>
   </document>
   <document code="78744-0">
      <title>DRUG FOR FURTHER PROCESSING</title>
   </document>
   <document code="78745-7">
      <title>RECOMBINANT DEOXYRIBONUCLEIC ACID CONSTRUCT LABEL</title>
   </document>
   <document code="70097-1">
      <title>ESTABLISHMENT DE-REGISTRATION</title>
   </document>
   <document code="51725-0">
      <title>ESTABLISHMENT REGISTRATION</title>
   </document>
   <document code="71743-9">
      <title>GENERIC DRUG FACILITY IDENTIFICATION SUBMISSION</title>
   </document>
   <document code="75031-5">
      <title>HUMAN COMPOUNDED DRUG</title>
   </document>
    <document code="77647-6">
      <title>ANIMAL COMPOUNDED DRUG</title>
   </document>
   <document code="34390-5">
      <title>HUMAN OTC DRUG</title>
   </document>
   <document code="34391-3">
      <title>HUMAN PRESCRIPTION DRUG</title>
   </document>
   <document code="71446-9">
      <title>INDEXING - BILLING UNIT</title>
   </document>
   <document code="63417-0">
      <title>INDEXING - INDICATION</title>
   </document>
   <document code="60685-5">
      <title>INDEXING - PHARMACOLOGIC CLASS</title>
   </document>
   <document code="72090-4">
      <title>IDENTIFICATION OF CBER-REGULATED GENERIC DRUG FACILITY</title>
   </document>
   <document code="53407-3">
      <title>LICENSE BLOOD INTERMEDIATES/PASTE</title>
   </document>
   <document code="53408-1">
      <title>LICENSED MINIMALLY MANIPULATED CELLS</title>
   </document>
   <document code="53406-5">
      <title>LICENSED VACCINE BULK INTERMEDIATE</title>
   </document>
   <document code="66105-8">
      <title>LOT DISTRIBUTION DATA</title>
   </document>
   <document code="55439-4">
      <title>MEDICAL DEVICE</title>
   </document>
   <document code="58475-5">
      <title>MEDICAL FOOD</title>
   </document>
   <document code="53410-7">
      <title>NO CHANGE NOTIFICATION</title>
   </document>
   <document code="53405-7">
      <title>NON-STANDARDIZED ALLERGENIC</title>
   </document>
   <document code="69968-6">
      <title>NDC LABELER CODE INACTIVATION</title>
   </document>
   <document code="51726-8">
      <title>NDC/NHRIC LABELER CODE REQUEST</title>
   </document>
   <document code="72871-7">
      <title>NDC LABELER CODE REQUEST - ANIMAL DRUG</title>
   </document>
   <document code="50577-6">
      <title>OTC ANIMAL DRUG</title>
   </document>
   <document code="69403-4">
      <title>OTC MEDICAL DEVICE</title>
   </document>
   <document code="50576-8">
      <title>OTC TYPE A MEDICATED ARTICLE ANIMAL DRUG</title>
   </document>
   <document code="50574-3">
      <title>OTC TYPE B MEDICATED FEED ANIMAL DRUG</title>
   </document>
   <document code="50573-5">
      <title>OTC TYPE C MEDICATED FEED ANIMAL DRUG</title>
   </document>
   <document code="53411-5">
      <title>OUT OF BUSINESS NOTIFICATION</title>
   </document>
   <document code="60683-0">
      <title>PLASMA DERIVATIVE</title>
   </document>
   <document code="50578-4">
      <title>PRESCRIPTION ANIMAL DRUG</title>
   </document>
   <document code="69404-2">
      <title>PRESCRIPTION MEDICAL DEVICE</title>
   </document>
   <document code="60682-2">
      <title>STANDARDIZED ALLERGENIC</title>
   </document>
   <document code="53404-0">
      <title>VACCINE</title>
   </document>
   <document code="50575-0">
      <title>VFD TYPE A MEDICATED ARTICLE ANIMAL DRUG</title>
   </document>
   <document code="50572-7">
      <title>VFD TYPE B MEDICATED FEED ANIMAL DRUG</title>
   </document>
   <document code="50571-9">
      <title>VFD TYPE C MEDICATED FEED ANIMAL DRUG</title>
   </document>
   <document code="64124-1">
      <title>INDEXING - SUBSTANCE</title>
   </document>
   <document code="73815-3">
      <title>INDEXING - PRODUCT CONCEPT</title>
   </document>
</root>