<root xmlns="urn:hl7-org:v3">
	<section code="34066-1" number="0" highlightfrontmatter="1" suppressTitle="1">
		<title>BOXED WARNING</title>
	</section>
	<section code="34067-9" number="1">
		<title>INDICATIONS AND USAGE</title>
	</section>
	<section code="34068-7" number="2">
		<title>DOSAGE AND ADMINISTRATION</title>
	</section>
	<section code="43678-2" number="3">
		<title>DOSAGE FORMS AND STRENGTHS</title>
	</section>
	<section code="34070-3" number="4">
		<title>CONTRAINDICATIONS</title>
	</section>
	<section code="43685-7" number="5">
		<title>WARNINGS AND PRECAUTIONS</title>
	</section>
	<section code="42232-9" numbered="yes">
		<title>PRECAUTIONS SECTION</title>
		<section code="34072-9" numbered="yes">
			<title>General Precautions</title>
		</section>
	</section>
	<section code="34071-1" numbered="yes">
		<title>WARNINGS SECTION</title>
	</section>
	<section code="34084-4" number="6">
		<title>ADVERSE REACTIONS</title>
		<section code="34075-2" numbered="yes">
			<title>Laboratory Tests</title>
		</section>
		<section code="34077-8" numbered="yes">
			<title>Teratogenic Effects</title>
		</section>
		<section code="34078-6" numbered="yes">
			<title>Nonteratogenic Effects</title>
		</section>
	</section>
	<section code="34073-7" number="7">
		<title>DRUG INTERACTIONS</title>
		<section code="34074-5" numbered="yes">
			<title>Drug/Laboratory Test Interactions</title>
		</section>
	</section>
	<section code="43684-0" number="8">
		<title>USE IN SPECIFIC POPULATIONS</title>
		<section code="42228-7" number="1">
			<title>Pregnancy</title>
		</section>
		<section code="34079-4" number="2">
			<title>Labor and Delivery</title>
		</section>
		<section code="34080-2" number="3">
			<title>Nursing Mothers</title>
		</section>
		<section code="34081-0" number="4" highlightbackmatter="1" suppressTitle="1">
			<title>Pediatric Use</title>
		</section>
		<section code="34082-8" number="5">
			<title>Geriatric Use</title>
		</section>
	</section>
	<section code="42227-9" number="9">
		<title>DRUG ABUSE AND DEPENDENCE SECTION</title>
		<section code="34085-1" number="1">
			<title>Controlled Substance SECTION</title>
		</section>
		<section code="34086-9" number="2">
			<title>Abuse SECTION</title>
		</section>
		<section code="34087-7" number="3">
			<title>Dependence SECTION</title>
		</section>
	</section>
	<section code="34088-5" number="10">
		<title>OVERDOSAGE SECTION</title>
	</section>
	<section code="34089-3" number="11">
		<title>DESCRIPTION SECTION</title>
	</section>
	<section code="34090-1" number="12">
		<title>CLINICAL PHARMACOLOGY SECTION</title>
		<section code="43679-0" number="1">
			<title>Mechanism of Action</title>
		</section>
		<section code="43681-6" number="2">
			<title>Pharmacodynamics</title>
		</section>
		<section code="43682-4" number="3">
			<title>Pharmacokinetics</title>
		</section>
		<section code="49489-8" number="4" highlightfrontmatter="2" suppressTitle="1">
			<title>Microbiology</title>
		</section>
	</section>
	<section code="43680-8" number="13">
		<title>NONCLINICAL TOXICOLOGY</title>
		<section code="34083-6" number="1">
			<title>Carcinogenesis, Mutagenesis, Impairment of Fertility</title>
		</section>
		<section code="34091-9" number="2">
			<title>Animal Pharmacology/Toxicology</title>
		</section>
	</section>
	<section code="34092-7" number="14">
		<title>CLINICAL STUDIES SECTION</title>
	</section>
	<section code="34093-5" number="15">
		<title>REFERENCES SECTION</title>
	</section>
	<section code="34069-5" number="16">
		<title>HOW SUPPLIED/STORAGE AND HANDLING</title>
	</section>
	<section code="44425-7" numbered="yes">>
		<title>STORAGE AND HANDLING</title>
	</section>
	<section code="43683-2" highlightfrontmatter="3">
		<title>RECENT MAJOR CHANGES</title>
	</section>
	<section code="34076-0" number="17" displayName="INFORMATION FOR PATIENTS SECTION" patsec="1">
		<title>PATIENT COUNSELING INFORMATION<!-- keep case exactly as is! --></title>
	</section>
	<section code="38056-8" number="17">
		<title>SUPPLEMENTAL PATIENT MATERIAL SECTION</title>
		<section code="42231-1" displayName="SPL MEDGUIDE SECTION" patsec="1" numbered="yes">
			<title>Medication Guide<!-- keep case exactly as is! --></title>
		</section>
		<section code="42230-3" displayName="SPL PATIENT PACKAGE INSERT SECTION" patsec="1" numbered="yes">
			<title>FDA-approved patient labeling<!-- keep case exactly as is! --></title>
		</section>
	</section>
	<section code="42229-5" numbered="yes">
		<title>SPL UNCLASSIFIED SECTION</title>
	</section>
	<section code="48779-3">
		<title>SPL INDEXING DATA ELEMENTS SECTION</title>
	</section>
	<section code="48780-1">
		<title>SPL LISTING DATA ELEMENTS SECTION</title>
	</section>
	<section code="34391-3" numbered="yes">
		<!-- FIXME: this is not a section, it should not be here 
		     remove it and test what it breaks, it should never have been added
		     this was done by the previous contractor. -->
		<title>HUMAN PRESCRIPTION DRUG LABEL</title>
	</section>
	<section code="45129-4" numbered="yes">
		<!-- FIXME: this is not a section, it should not be here 
		     remove it and test what it breaks, it should never have been added
		     this was done by the previous contractor. -->
		<title>HUMAN PRESCRIPTION DRUG LABEL WITH HIGHLIGHTS</title>
	</section>	
</root>
